{"accuracy": [0.6057472229003906, 0.8635464906692505, 0.9155416488647461, 0.9416601657867432, 0.9565402865409851, 0.9669108986854553, 0.9720321297645569, 0.9762287735939026, 0.9791592359542847, 0.9830713272094727], "loss": [1.3444733619689941, 0.43144506216049194, 0.2571645677089691, 0.177955761551857, 0.13265301287174225, 0.10135599225759506, 0.08688242733478546, 0.07230544090270996, 0.06367740035057068, 0.05304327607154846], "val_accuracy": [0.8497040867805481, 0.9054746031761169, 0.9461074471473694, 0.9368882179260254, 0.9572046399116516, 0.9504324793815613, 0.9611882567405701, 0.9487821459770203, 0.9642044305801392, 0.9599931836128235], "val_loss": [0.4752872884273529, 0.2868897616863251, 0.1625296175479889, 0.19662854075431824, 0.13288383185863495, 0.16021206974983215, 0.12373010069131851, 0.1809038370847702, 0.1151771992444992, 0.13514463603496552]}